ID,Nombre,TelÃ©fono,Email,DirecciÃ³n
aa456ad4-b018-4924-9890-f62bb3f07417,asdasdasdasd,asd,asd,asd
9dfc6b34-19af-4648-88bc-4970928728f6,sebastian,lescano,asda,asd
66ac8747-ae50-4743-b944-f649d822d4f5,asdasd,asda,dasd,asd
51202541-eaad-4d51-9fc4-edda925c4fe0,seastian,123123123,easd@asda,asdasda
65503a5e-e11a-4964-ab21-c6d3c126444a,sadasd,asdas,asdasd,asd
a592be49-a30d-4e50-915f-aa50d12b8463,seba,123123,"emasda@asda,c",aasd 123
51f2fadc-de48-4352-a9f5-ec63efed649b,asdasd,asdasd,asdasda,asdasd
871302cd-fc47-4651-93d4-ac228af5ef50,asdasd,asda,sdasdasd,asd
32cf4e23-a524-40b3-bbf4-8be34833360a,seba,123123,asdad@asda.com,dasdasda
93a9fcb3-b243-40c4-8e06-36f6e5936ceb,asdasd,231312312,fdfd,545sdsdf
8d60360d-389e-4667-8a26-b88a3b8efaef,lescano,12355343,email@cm.com,asda123
739f1e09-9712-468e-89fe-008aadf38760,seba,asdad,asdasd,ad
40e400ef-ae70-4e93-905d-20d9cef21bcc,asdad,asd,asdasdasda,dasd
